# Name,   Type, SubType, Offset,  Size,    Flags
# Partition table for ESP32-S3 with 16MB Flash
# App partitions: 3MB each (enough for Matter + Arduino dual-framework firmware)
# Filesystem: 2MB for web UI assets
# NVS: 20KB for config + Matter KVS
nvs,      data, nvs,     0x9000,  0x5000,
otadata,  data, ota,     0xE000,  0x2000,
app0,     app,  ota_0,   0x10000, 0x300000,
app1,     app,  ota_1,   0x310000,0x300000,
spiffs,   data, spiffs,  0x610000,0x200000,
coredump, data, coredump,0x810000,0x10000,
